{
  "description": "We do a little tomfoolery!",
  "thumbnail": "logo new.png",
  "variants": [
    {
      "name": "Color 2",
      "background": "logo new.png",
      "music": "undefined",
      "menuStyle": {
        "color": "Default"
      },
      "menuIcons": {
        "Internet Browser": "undefined",
        "Settings": "undefined"
      }
    },
    {
      "name": "Color 2",
      "background": "logo old.png",
      "music": "undefined",
      "menuStyle": {
        "color": "Default"
      },
      "menuIcons": {
        "Internet Browser": "undefined",
        "Settings": "undefined"
      }
    }
  ]
}