{
  "description": "Welcome to the land of Timpanopia, where big bellies are both beautiful and musical!",
  "thumbnail": "thumbnail.png",
  "variants": [
    {
      "name": "Default",
      "description": "Though they are technically cousins, Faizon and Gilbert make the best of big belly brothers. Nothing can tear apart this dynamic duo!",
      "background": "default.png",
      "music": "undefined",
      "menuStyle": {
        "color": "Brown"
      },
      "menuIcons": {
        "Internet Browser": "undefined",
        "Settings": "undefined"
      }
    },
    {
      "name": "Halloween",
      "description": "Setting the stage for Faizon to create a ghostly timpani roll—with just two big hands and one massive, pumpkin-sized belly. Cue the ominous music!",
      "background": "halloween.png",
      "music": "undefined",
      "menuStyle": {
        "color": "Brown"
      },
      "menuIcons": {
        "Internet Browser": "undefined",
        "Settings": "undefined"
      }
    },
    {
      "name": "Dual Hulk",
      "description": "Go big and go green! Two green giants, each with double the bulk of a regular Hulk, bellies booming like twin timpani in a thunderous double roll!",
      "background": "halloweenhulk.png",
      "music": "undefined",
      "menuStyle": {
        "color": "Dark Green"
      },
      "menuIcons": {
        "Internet Browser": "undefined",
        "Settings": "undefined"
      }
    }
  ]
}