{
  "description": "Welcome to the land of Timpanopia, where big bellies are both beautiful and musical!",
  "thumbnail": "thumbnail.png",
  "variants": [
    {
      "name": "Default",
      "tagliine": "Though they are technically cousins, Faizon and Gilbert make the best of big belly brothers. Nothing can tear apart this dynamic duo!",
      "description": "Faizon and Gilbert—two towering titans bound by family and the ultimate bond of belly! Together, they make an unstoppable dynamic duo, their laughter and camaraderie as big as their frames. With each step, they shake the ground, echoing their rock-solid unity, and with each booming laugh, they remind everyone that nothing can come between them. Cousins by blood, brothers by belly, these two are proof that family isn't just about shared genes—it's about sharing a love for life, laughs, and the unforgettable power of going big. Nothing can tear apart these legendary big-bellied bros!",
      "background": "default.png",
      "music": "Jazz Timpani.ogg",
      "musicLoop": {
        "start": 0,
        "end": 64
      },
      "menuStyle": {
        "color": "Brown"
      },
      "menuIcons": {
        "Internet Browser": "undefined",
        "Settings": "undefined"
      }
    },
    {
      "name": "Halloween",
      "tagliine": "Setting the stage for Faizon to create a ghostly timpani roll—with just two big hands and one massive, pumpkin-sized belly. Cue the ominous rhythm!",
      "description": "Beware the Timpanis of Terror! Faizon's got his hauntingly round \"pumpkin\" belly ready, and with those powerful hands, he's about to unleash a ghostly timpani roll straight from the underworld. Watch as he shakes that hefty gut, creating a supernatural rumble that's more treat than trick. Meanwhile Gilbert's massive Frankenstein belly (if Frankenstein was even that fat) sways like a thunderous drum, each movement amplifying Faizon's rhythm. With a single thump of his gut, he sends out a reverberating beat that could wake the dead—and maybe even scare them back to their graves! This Halloween, these two are more than just big—they're BOOMing, and they will work together to create a heavy haunting you'll feel deep in your chest, a double roll that's both eerie and epic, shaking the ground and filling the Halloween air with an unforgettable groove. The ultimate Monster Mash—powered by pure belly percussion!",
      "background": "halloween.png",
      "music": "The Timpani of Terror.ogg",
      "menuStyle": {
        "color": "Brown"
      },
      "menuIcons": {
        "Internet Browser": "undefined",
        "Settings": "undefined"
      }
    },
    {
      "name": "Dual Hulk",
      "tagliine": "Go big and go green! Two green giants, each with double the bulk of a regular Hulk, bellies booming like twin timpani in a thunderous double roll!",
      "description": "Two colossal \"Fat Hulks\", each boasting double the bulk, stand side by side, their bellies booming like twin timpani in a thunderous double roll! Every step shakes the ground beneath them, every move pulses with raw power. As they stride forward, the earth trembles, the air vibrates—like the rumble of distant thunder heralding the approaching storm. Their bellies roll in perfect sync, sending shockwaves through the intense atmosphere with each swing, a rhythm that echoes like a battle drum. When these green giants go big, the whole world feels the beat—like the roll of that oncoming storm, fierce and unrelenting. With the skies darkening and anticipation building, get ready for the Hulk-sized thunder to shake the very foundations of reality to the core!",
      "background": "halloweenhulk.png",
      "music": "Dual Hulk.ogg",
      "menuStyle": {
        "color": "Dark Green"
      },
      "menuIcons": {
        "Internet Browser": "undefined",
        "Settings": "undefined"
      }
    }
  ],
  "credits": [
    "Character images from Twitter and Tumblr",
    "Cartoon Faizon made with Bitmoji and Canva",
    "Cartoon Gilbert made with Scratch Vector Editor",
    "Other elements from Canva",
    "",
    "Music by @lspectro_music",
    "https://youtube.com/@lspectro_music"
  ]
}